,AtomicNumber,Symbol,Name,AtomicMass,CPKHexColor,ElectronConfiguration,Electronegativity,AtomicRadius,IonizationEnergy,ElectronAffinity,OxidationStates,StandardState,MeltingPoint,BoilingPoint,Density,GroupBlock,YearDiscovered,NOuter,Rvdw,MostCommonIsotope,IsotopeLabel
0,1,H,Hydrogen,1.008,FFFFFF,1s1,2.2,120.0,13.598,0.754,"+1, -1",Gas,13.81,20.28,8.988e-05,Nonmetal,1766,1,1.2,1,Hydrogen-1
1,2,He,Helium,4.0026,D9FFFF,1s2,,140.0,24.587,,0,Gas,0.95,4.22,0.0001785,Noble gas,1868,2,1.4,4,Helium-4
2,3,Li,Lithium,7.0,CC80FF,[He]2s1,0.98,182.0,5.392,0.618,+1,Solid,453.65,1615.0,0.534,Alkali metal,1817,1,2.2,7,Lithium-7
3,4,Be,Beryllium,9.012183,C2FF00,[He]2s2,1.57,153.0,9.323,,+2,Solid,1560.0,2744.0,1.85,Alkaline earth metal,1798,2,1.9,9,Beryllium-9
4,5,B,Boron,10.81,FFB5B5,[He]2s2 2p1,2.04,192.0,8.298,0.277,+3,Solid,2348.0,4273.0,2.37,Metalloid,1808,3,1.8,11,Boron-11
5,6,C,Carbon,12.011,909090,[He]2s2 2p2,2.55,170.0,11.26,1.263,"+4, +2, -4",Solid,3823.0,4098.0,2.267,Nonmetal,Ancient,4,1.7,12,Carbon-12
6,7,N,Nitrogen,14.007,3050F8,[He] 2s2 2p3,3.04,155.0,14.534,,"+5, +4, +3, +2, +1, -1, -2, -3",Gas,63.15,77.36,0.0012506,Nonmetal,1772,5,1.6,14,Nitrogen-14
7,8,O,Oxygen,15.999,FF0D0D,[He]2s2 2p4,3.44,152.0,13.618,1.461,-2,Gas,54.36,90.2,0.001429,Nonmetal,1774,6,1.55,16,Oxygen-16
8,9,F,Fluorine,18.99840316,90E050,[He]2s2 2p5,3.98,135.0,17.423,3.339,-1,Gas,53.53,85.03,0.001696,Halogen,1670,7,1.5,19,Fluorine-19
9,10,Ne,Neon,20.18,B3E3F5,[He]2s2 2p6,,154.0,21.565,,0,Gas,24.56,27.07,0.0008999,Noble gas,1898,8,1.54,20,Neon-20
10,11,Na,Sodium,22.9897693,AB5CF2,[Ne]3s1,0.93,227.0,5.139,0.548,+1,Solid,370.95,1156.0,0.97,Alkali metal,1807,1,2.4,23,Sodium-23
11,12,Mg,Magnesium,24.305,8AFF00,[Ne]3s2,1.31,173.0,7.646,,+2,Solid,923.0,1363.0,1.74,Alkaline earth metal,1808,2,2.2,24,Magnesium-24
12,13,Al,Aluminum,26.981538,BFA6A6,[Ne]3s2 3p1,1.61,184.0,5.986,0.441,+3,Solid,933.437,2792.0,2.7,Post-transition metal,Ancient,3,2.1,27,Aluminum-27
13,14,Si,Silicon,28.085,F0C8A0,[Ne]3s2 3p2,1.9,210.0,8.152,1.385,"+4, +2, -4",Solid,1687.0,3538.0,2.3296,Metalloid,1854,4,2.1,28,Silicon-28
14,15,P,Phosphorus,30.973762,FF8000,[Ne]3s2 3p3,2.19,180.0,10.487,0.746,"+5, +3, -3",Solid,317.3,553.65,1.82,Nonmetal,1669,5,1.95,31,Phosphorus-31
15,16,S,Sulfur,32.07,FFFF30,[Ne]3s2 3p4,2.58,180.0,10.36,2.077,"+6, +4, -2",Solid,388.36,717.75,2.067,Nonmetal,Ancient,6,1.8,32,Sulfur-32
16,17,Cl,Chlorine,35.45,1FF01F,[Ne]3s2 3p5,3.16,175.0,12.968,3.617,"+7, +5, +1, -1",Gas,171.65,239.11,0.003214,Halogen,1774,7,1.8,35,Chlorine-35
17,18,Ar,Argon,39.9,80D1E3,[Ne]3s2 3p6,,188.0,15.76,,0,Gas,83.8,87.3,0.0017837,Noble gas,1894,8,1.88,40,Argon-40
18,19,K,Potassium,39.098,8F40D4,[Ar]4s1,0.82,275.0,4.341,0.501,+1,Solid,336.53,1032.0,0.89,Alkali metal,1807,1,2.8,39,Potassium-39
19,20,Ca,Calcium,40.08,3DFF00,[Ar]4s2,1.0,231.0,6.113,,+2,Solid,1115.0,1757.0,1.54,Alkaline earth metal,Ancient,2,2.4,40,Calcium-40
20,21,Sc,Scandium,44.95591,E6E6E6,[Ar]4s2 3d1,1.36,211.0,6.561,0.188,+3,Solid,1814.0,3109.0,2.99,Transition metal,1879,3,2.3,45,Scandium-45
21,22,Ti,Titanium,47.87,BFC2C7,[Ar]4s2 3d2,1.54,187.0,6.828,0.079,"+4, +3, +2",Solid,1941.0,3560.0,4.5,Transition metal,1791,4,2.15,48,Titanium-48
22,23,V,Vanadium,50.941,A6A6AB,[Ar]4s2 3d3,1.63,179.0,6.746,0.525,"+5, +4, +3, +2",Solid,2183.0,3680.0,6.0,Transition metal,1801,5,2.05,51,Vanadium-51
23,24,Cr,Chromium,51.996,8A99C7,[Ar]3d5 4s1,1.66,189.0,6.767,0.666,"+6, +3, +2",Solid,2180.0,2944.0,7.15,Transition metal,1797,6,2.05,52,Chromium-52
24,25,Mn,Manganese,54.93804,9C7AC7,[Ar]4s2 3d5,1.55,197.0,7.434,,"+7, +4, +3, +2",Solid,1519.0,2334.0,7.3,Transition metal,1774,7,2.05,55,Manganese-55
25,26,Fe,Iron,55.84,E06633,[Ar]4s2 3d6,1.83,194.0,7.902,0.163,"+3, +2",Solid,1811.0,3134.0,7.874,Transition metal,Ancient,8,2.05,56,Iron-56
26,27,Co,Cobalt,58.93319,F090A0,[Ar]4s2 3d7,1.88,192.0,7.881,0.661,"+3, +2",Solid,1768.0,3200.0,8.86,Transition metal,1735,9,2.0,59,Cobalt-59
27,28,Ni,Nickel,58.693,50D050,[Ar]4s2 3d8,1.91,163.0,7.64,1.156,"+3, +2",Solid,1728.0,3186.0,8.912,Transition metal,1751,10,2.0,58,Nickel-58
28,29,Cu,Copper,63.55,C88033,[Ar]4s1 3d10,1.9,140.0,7.726,1.228,"+2, +1",Solid,1357.77,2835.0,8.933,Transition metal,Ancient,11,2.0,63,Copper-63
29,30,Zn,Zinc,65.4,7D80B0,[Ar]4s2 3d10,1.65,139.0,9.394,,+2,Solid,692.68,1180.0,7.134,Transition metal,1746,2,2.1,64,Zinc-64
30,31,Ga,Gallium,69.72,C28F8F,[Ar]4s2 3d10 4p1,1.81,187.0,5.999,0.3,+3,Solid,302.91,2477.0,5.91,Post-transition metal,1875,3,2.1,69,Gallium-69
31,32,Ge,Germanium,72.63,668F8F,[Ar]4s2 3d10 4p2,2.01,211.0,7.9,1.35,"+4, +2",Solid,1211.4,3106.0,5.323,Metalloid,1886,4,2.1,74,Germanium-74
32,33,As,Arsenic,74.92159,BD80E3,[Ar]4s2 3d10 4p3,2.18,185.0,9.815,0.81,"+5, +3, -3",Solid,1090.0,887.0,5.776,Metalloid,Ancient,5,2.05,75,Arsenic-75
33,34,Se,Selenium,78.97,FFA100,[Ar]4s2 3d10 4p4,2.55,190.0,9.752,2.021,"+6, +4, -2",Solid,493.65,958.0,4.809,Nonmetal,1817,6,1.9,80,Selenium-80
34,35,Br,Bromine,79.9,A62929,[Ar]4s2 3d10 4p5,2.96,183.0,11.814,3.365,"+5, +1, -1",Liquid,265.95,331.95,3.11,Halogen,1826,7,1.9,79,Bromine-79
35,36,Kr,Krypton,83.8,5CB8D1,[Ar]4s2 3d10 4p6,3.0,202.0,14.0,,0,Gas,115.79,119.93,0.003733,Noble gas,1898,8,2.02,84,Krypton-84
36,37,Rb,Rubidium,85.468,702EB0,[Kr]5s1,0.82,303.0,4.177,0.468,+1,Solid,312.46,961.0,1.53,Alkali metal,1861,1,2.9,85,Rubidium-85
37,38,Sr,Strontium,87.6,00FF00,[Kr]5s2,0.95,249.0,5.695,,+2,Solid,1050.0,1655.0,2.64,Alkaline earth metal,1790,2,2.55,88,Strontium-88
38,39,Y,Yttrium,88.9058,94FFFF,[Kr]5s2 4d1,1.22,219.0,6.217,0.307,+3,Solid,1795.0,3618.0,4.47,Transition metal,1794,3,2.4,89,Yttrium-89
39,40,Zr,Zirconium,91.22,94E0E0,[Kr]5s2 4d2,1.33,186.0,6.634,0.426,+4,Solid,2128.0,4682.0,6.52,Transition metal,1789,4,2.3,90,Zirconium-90
40,41,Nb,Niobium,92.9064,73C2C9,[Kr]5s1 4d4,1.6,207.0,6.759,0.893,"+5, +3",Solid,2750.0,5017.0,8.57,Transition metal,1801,5,2.15,93,Niobium-93
41,42,Mo,Molybdenum,96.0,54B5B5,[Kr]5s1 4d5,2.16,209.0,7.092,0.746,+6,Solid,2896.0,4912.0,10.2,Transition metal,1778,6,2.1,98,Molybdenum-98
42,43,Tc,Technetium,97.90721,3B9E9E,[Kr]5s2 4d5,1.9,209.0,7.28,0.55,"+7, +6, +4",Solid,2430.0,4538.0,11.0,Transition metal,1937,7,2.05,97,Technetium-97
43,44,Ru,Ruthenium,101.1,248F8F,[Kr]5s1 4d7,2.2,207.0,7.361,1.05,+3,Solid,2607.0,4423.0,12.1,Transition metal,1827,8,2.05,102,Ruthenium-102
44,45,Rh,Rhodium,102.9055,0A7D8C,[Kr]5s1 4d8,2.28,195.0,7.459,1.137,+3,Solid,2237.0,3968.0,12.4,Transition metal,1803,9,2.0,103,Rhodium-103
45,46,Pd,Palladium,106.4,6985,[Kr]4d10,2.2,202.0,8.337,0.557,"+3, +2",Solid,1828.05,3236.0,12.0,Transition metal,1803,10,2.05,106,Palladium-106
46,47,Ag,Silver,107.868,C0C0C0,[Kr]5s1 4d10,1.93,172.0,7.576,1.302,+1,Solid,1234.93,2435.0,10.501,Transition metal,Ancient,11,2.1,107,Silver-107
47,48,Cd,Cadmium,112.41,FFD98F,[Kr]5s2 4d10,1.69,158.0,8.994,,+2,Solid,594.22,1040.0,8.69,Transition metal,1817,2,2.2,114,Cadmium-114
48,49,In,Indium,114.82,A67573,[Kr]5s2 4d10 5p1,1.78,193.0,5.786,0.3,+3,Solid,429.75,2345.0,7.31,Post-transition metal,1863,3,2.2,115,Indium-115
49,50,Sn,Tin,118.71,668080,[Kr]5s2 4d10 5p2,1.96,217.0,7.344,1.2,"+4, +2",Solid,505.08,2875.0,7.287,Post-transition metal,Ancient,4,2.25,120,Tin-120
50,51,Sb,Antimony,121.76,9E63B5,[Kr]5s2 4d10 5p3,2.05,206.0,8.64,1.07,"+5, +3, -3",Solid,903.78,1860.0,6.685,Metalloid,Ancient,5,2.2,121,Antimony-121
51,52,Te,Tellurium,127.6,D47A00,[Kr]5s2 4d10 5p4,2.1,206.0,9.01,1.971,"+6, +4, -2",Solid,722.66,1261.0,6.232,Metalloid,1782,6,2.1,130,Tellurium-130
52,53,I,Iodine,126.9045,940094,[Kr]5s2 4d10 5p5,2.66,198.0,10.451,3.059,"+7, +5, +1, -1",Solid,386.85,457.55,4.93,Halogen,1811,7,2.1,127,Iodine-127
53,54,Xe,Xenon,131.29,429EB0,[Kr]5s2 4d10 5p6,2.6,216.0,12.13,,0,Gas,161.36,165.03,0.005887,Noble gas,1898,8,2.16,132,Xenon-132
54,55,Cs,Cesium,132.905452,57178F,[Xe]6s1,0.79,343.0,3.894,0.472,+1,Solid,301.59,944.0,1.93,Alkali metal,1860,1,3.0,133,Cesium-133
55,56,Ba,Barium,137.33,00C900,[Xe]6s2,0.89,268.0,5.212,,+2,Solid,1000.0,2170.0,3.62,Alkaline earth metal,1808,2,2.7,138,Barium-138
56,57,La,Lanthanum,138.9055,70D4FF,[Xe]6s2 5d1,1.1,240.0,5.577,0.5,+3,Solid,1191.0,3737.0,6.15,Lanthanide,1839,3,2.5,139,Lanthanum-139
57,58,Ce,Cerium,140.12,FFFFC7,[Xe]6s2 4f1 5d1,1.12,235.0,5.539,0.5,"+4, +3",Solid,1071.0,3697.0,6.77,Lanthanide,1803,4,2.48,140,Cerium-140
58,59,Pr,Praseodymium,140.9077,D9FFC7,[Xe]6s2 4f3,1.13,239.0,5.464,,+3,Solid,1204.0,3793.0,6.77,Lanthanide,1885,3,2.47,141,Praseodymium-141
59,60,Nd,Neodymium,144.24,C7FFC7,[Xe]6s2 4f4,1.14,229.0,5.525,,+3,Solid,1294.0,3347.0,7.01,Lanthanide,1885,4,2.45,142,Neodymium-142
60,61,Pm,Promethium,144.91276,A3FFC7,[Xe]6s2 4f5,,236.0,5.55,,+3,Solid,1315.0,3273.0,7.26,Lanthanide,1945,5,2.43,145,Promethium-145
61,62,Sm,Samarium,150.4,8FFFC7,[Xe]6s2 4f6,1.17,229.0,5.644,,"+3, +2",Solid,1347.0,2067.0,7.52,Lanthanide,1879,6,2.42,152,Samarium-152
62,63,Eu,Europium,151.96,61FFC7,[Xe]6s2 4f7,,233.0,5.67,,"+3, +2",Solid,1095.0,1802.0,5.24,Lanthanide,1901,7,2.4,153,Europium-153
63,64,Gd,Gadolinium,157.2,45FFC7,[Xe]6s2 4f7 5d1,1.2,237.0,6.15,,+3,Solid,1586.0,3546.0,7.9,Lanthanide,1880,8,2.38,158,Gadolinium-158
64,65,Tb,Terbium,158.92535,30FFC7,[Xe]6s2 4f9,,221.0,5.864,,+3,Solid,1629.0,3503.0,8.23,Lanthanide,1843,9,2.37,159,Terbium-159
65,66,Dy,Dysprosium,162.5,1FFFC7,[Xe]6s2 4f10,1.22,229.0,5.939,,+3,Solid,1685.0,2840.0,8.55,Lanthanide,1886,10,2.35,164,Dysprosium-164
66,67,Ho,Holmium,164.93033,00FF9C,[Xe]6s2 4f11,1.23,216.0,6.022,,+3,Solid,1747.0,2973.0,8.8,Lanthanide,1878,11,2.33,165,Holmium-165
67,68,Er,Erbium,167.26,,[Xe]6s2 4f12,1.24,235.0,6.108,,+3,Solid,1802.0,3141.0,9.07,Lanthanide,1843,12,2.32,166,Erbium-166
68,69,Tm,Thulium,168.93422,00D452,[Xe]6s2 4f13,1.25,227.0,6.184,,+3,Solid,1818.0,2223.0,9.32,Lanthanide,1879,13,2.3,169,Thulium-169
69,70,Yb,Ytterbium,173.04,00BF38,[Xe]6s2 4f14,,242.0,6.254,,"+3, +2",Solid,1092.0,1469.0,6.9,Lanthanide,1878,14,2.28,174,Ytterbium-174
70,71,Lu,Lutetium,174.967,00AB24,[Xe]6s2 4f14 5d1,1.27,221.0,5.426,,+3,Solid,1936.0,3675.0,9.84,Lanthanide,1907,15,2.27,175,Lutetium-175
71,72,Hf,Hafnium,178.5,4DC2FF,[Xe]6s2 4f14 5d2,1.3,212.0,6.825,,+4,Solid,2506.0,4876.0,13.3,Transition metal,1923,4,2.25,180,Hafnium-180
72,73,Ta,Tantalum,180.9479,4DA6FF,[Xe]6s2 4f14 5d3,1.5,217.0,7.89,0.322,+5,Solid,3290.0,5731.0,16.4,Transition metal,1802,5,2.2,181,Tantalum-181
73,74,W,Tungsten,183.8,2194D6,[Xe]6s2 4f14 5d4,2.36,210.0,7.98,0.815,+6,Solid,3695.0,5828.0,19.3,Transition metal,1783,6,2.1,184,Tungsten-184
74,75,Re,Rhenium,186.21,267DAB,[Xe]6s2 4f14 5d5,1.9,217.0,7.88,0.15,"+7, +6, +4",Solid,3459.0,5869.0,20.8,Transition metal,1925,7,2.05,187,Rhenium-187
75,76,Os,Osmium,190.2,266696,[Xe]6s2 4f14 5d6,2.2,216.0,8.7,1.1,"+4, +3",Solid,3306.0,5285.0,22.57,Transition metal,1803,8,2.0,192,Osmium-192
76,77,Ir,Iridium,192.22,175487,[Xe]6s2 4f14 5d7,2.2,202.0,9.1,1.565,"+4, +3",Solid,2719.0,4701.0,22.42,Transition metal,1803,9,2.0,193,Iridium-193
77,78,Pt,Platinum,195.08,D0D0E0,[Xe]6s1 4f14 5d9,2.28,209.0,9.0,2.128,"+4, +2",Solid,2041.55,4098.0,21.46,Transition metal,1735,10,2.05,195,Platinum-195
78,79,Au,Gold,196.96657,FFD123,[Xe]6s1 4f14 5d10,2.54,166.0,9.226,2.309,"+3, +1",Solid,1337.33,3129.0,19.282,Transition metal,Ancient,11,2.1,197,Gold-197
79,80,Hg,Mercury,200.59,B8B8D0,[Xe]6s2 4f14 5d10,2.0,209.0,10.438,,"+2, +1",Liquid,234.32,629.88,13.5336,Transition metal,Ancient,2,2.05,202,Mercury-202
80,81,Tl,Thallium,204.383,A6544D,[Xe]6s2 4f14 5d10 6p1,1.62,196.0,6.108,0.2,"+3, +1",Solid,577.0,1746.0,11.8,Post-transition metal,1861,3,2.2,205,Thallium-205
81,82,Pb,Lead,207.0,575961,[Xe]6s2 4f14 5d10 6p2,2.33,202.0,7.417,0.36,"+4, +2",Solid,600.61,2022.0,11.342,Post-transition metal,Ancient,4,2.3,208,Lead-208
82,83,Bi,Bismuth,208.9804,9E4FB5,[Xe]6s2 4f14 5d10 6p3,2.02,207.0,7.289,0.946,"+5, +3",Solid,544.55,1837.0,9.807,Post-transition metal,1753,5,2.3,209,Bismuth-209
83,84,Po,Polonium,208.98243,AB5C00,[Xe]6s2 4f14 5d10 6p4,2.0,197.0,8.417,1.9,"+4, +2",Solid,527.0,1235.0,9.32,Metalloid,1898,6,2.0,209,Polonium-209
84,85,At,Astatine,209.98715,754F45,[Xe]6s2 4f14 5d10 6p5,2.2,202.0,9.5,2.8,,Solid,575.0,,7.0,Halogen,1940,7,2.0,210,Astatine-210
85,86,Rn,Radon,222.01758,428296,[Xe]6s2 4f14 5d10 6p6,,220.0,10.745,,0,Gas,202.0,211.45,0.00973,Noble gas,1900,8,2.0,222,Radon-222
86,87,Fr,Francium,223.01973,420066,[Rn]7s1,0.7,348.0,3.9,0.47,+1,Solid,300.0,,,Alkali metal,1939,1,2.0,223,Francium-223
87,88,Ra,Radium,226.02541,007D00,[Rn]7s2,0.9,283.0,5.279,,+2,Solid,973.0,1413.0,5.0,Alkaline earth metal,1898,2,2.0,226,Radium-226
88,89,Ac,Actinium,227.02775,70ABFA,[Rn]7s2 6d1,1.1,260.0,5.17,,+3,Solid,1324.0,3471.0,10.07,Actinide,1899,3,2.0,227,Actinium-227
89,90,Th,Thorium,232.038,00BAFF,[Rn]7s2 6d2,1.3,237.0,6.08,,+4,Solid,2023.0,5061.0,11.72,Actinide,1828,4,2.4,232,Thorium-232
90,91,Pa,Protactinium,231.0359,00A1FF,[Rn]7s2 5f2 6d1,1.5,243.0,5.89,,"+5, +4",Solid,1845.0,,15.37,Actinide,1913,3,2.0,231,Protactinium-231
91,92,U,Uranium,238.0289,008FFF,[Rn]7s2 5f3 6d1,1.38,240.0,6.194,,"+6, +5, +4, +3",Solid,1408.0,4404.0,18.95,Actinide,1789,4,2.3,238,Uranium-238
92,93,Np,Neptunium,237.04817,0080FF,[Rn]7s2 5f4 6d1,1.36,221.0,6.266,,"+6, +5, +4, +3",Solid,917.0,4175.0,20.25,Actinide,1940,5,2.0,236,Neptunium-236
93,94,Pu,Plutonium,244.0642,006BFF,[Rn]7s2 5f6,1.28,243.0,6.06,,"+6, +5, +4, +3",Solid,913.0,3501.0,19.84,Actinide,1940,6,2.0,238,Plutonium-238
94,95,Am,Americium,243.06138,545CF2,[Rn]7s2 5f7,1.3,244.0,5.993,,"+6, +5, +4, +3",Solid,1449.0,2284.0,13.69,Actinide,1944,7,2.0,241,Americium-241
95,96,Cm,Curium,247.07035,785CE3,[Rn]7s2 5f7 6d1,1.3,245.0,6.02,,+3,Solid,1618.0,3400.0,13.51,Actinide,1944,8,2.0,243,Curium-243
96,97,Bk,Berkelium,247.07031,8A4FE3,[Rn]7s2 5f9,1.3,244.0,6.23,,"+4, +3",Solid,1323.0,,14.0,Actinide,1949,9,2.0,247,Berkelium-247
97,98,Cf,Californium,251.07959,A136D4,[Rn]7s2 5f10,1.3,245.0,6.3,,+3,Solid,1173.0,,,Actinide,1950,10,2.0,249,Californium-249
98,99,Es,Einsteinium,252.083,B31FD4,[Rn]7s2 5f11,1.3,245.0,6.42,,+3,Solid,1133.0,,,Actinide,1952,11,2.0,252,Einsteinium-252
99,100,Fm,Fermium,257.09511,B31FBA,[Rn] 5f12 7s2,1.3,,6.5,,+3,Solid,1800.0,,,Actinide,1952,12,2.0,257,Fermium-257
100,101,Md,Mendelevium,258.09843,B30DA6,[Rn]7s2 5f13,1.3,,6.58,,"+3, +2",Solid,1100.0,,,Actinide,1955,13,2.0,258,Mendelevium-258
101,102,No,Nobelium,259.101,BD0D87,[Rn]7s2 5f14,1.3,,6.65,,"+3, +2",Solid,1100.0,,,Actinide,1957,14,2.0,259,Nobelium-259
102,103,Lr,Lawrencium,262.11,C70066,[Rn]7s2 5f14 6d1,1.3,,,,+3,Solid,1900.0,,,Actinide,1961,15,2.0,262,Lawrencium-262
103,104,Rf,Rutherfordium,267.122,CC0059,[Rn]7s2 5f14 6d2,,150.0,,,+4,Solid,,,,Transition metal,1964,2,2.0,267,Rutherfordium-267
104,105,Db,Dubnium,268.126,D1004F,[Rn]7s2 5f14 6d3,,139.0,,,,Solid,,,,Transition metal,1967,2,2.0,268,Dubnium-268
105,106,Sg,Seaborgium,271.134,D90045,[Rn]7s2 5f14 6d4,,132.0,,,,Solid,,,,Transition metal,1974,2,2.0,271,Seaborgium-271
106,107,Bh,Bohrium,274.144,E00038,[Rn]7s2 5f14 6d5,,128.0,,,,Solid,,,,Transition metal,1976,2,2.0,270,Bohrium-270
107,108,Hs,Hassium,277.152,E6002E,[Rn]7s2 5f14 6d6,,126.0,,,,Solid,,,,Transition metal,1984,2,2.0,269,Hassium-269
108,109,Mt,Meitnerium,278.156,EB0026,[Rn]7s2 5f14 6d7 (calculated),,128.0,,,,Solid,,,,Transition metal,1982,2,2.0,278,Meitnerium-278
109,110,Ds,Darmstadtium,281.165,,[Rn]7s2 5f14 6d8 (predicted),,132.0,,,,Expected to be a Solid,,,,Transition metal,1994,2,2.0,281,Darmstadtium-281
110,111,Rg,Roentgenium,282.169,,[Rn]7s2 5f14 6d9 (predicted),,138.0,,,,Expected to be a Solid,,,,Transition metal,1994,2,2.0,281,Roentgenium-281
111,112,Cn,Copernicium,285.177,,[Rn]7s2 5f14 6d10 (predicted),,147.0,,,,Expected to be a Solid,,,,Transition metal,1996,2,2.0,285,Copernicium-285
112,113,Nh,Nihonium,286.183,,[Rn]5f14 6d10 7s2 7p1 (predicted),,170.0,,,,Expected to be a Solid,,,,Post-transition metal,2004,2,2.0,284,Nihonium-284
113,114,Fl,Flerovium,289.191,,[Rn]7s2 7p2 5f14 6d10 (predicted),,180.0,,,,Expected to be a Solid,,,,Post-transition metal,1998,2,2.0,289,Flerovium-289
114,115,Mc,Moscovium,290.196,,[Rn]7s2 7p3 5f14 6d10 (predicted),,187.0,,,,Expected to be a Solid,,,,Post-transition metal,2003,2,2.0,288,Moscovium-288
115,116,Lv,Livermorium,293.205,,[Rn]7s2 7p4 5f14 6d10 (predicted),,183.0,,,,Expected to be a Solid,,,,Post-transition metal,2000,2,2.0,293,Livermorium-293
116,117,Ts,Tennessine,294.211,,[Rn]7s2 7p5 5f14 6d10 (predicted),,138.0,,,,Expected to be a Solid,,,,Halogen,2010,2,2.0,292,Tennessine-292
117,118,Og,Oganesson,294.214,,[Rn]7s2 7p6 5f14 6d10 (predicted),,,,,,Expected to be a Gas,,,,Noble gas,2006,2,2.0,294,Oganesson-294
